Investment Manager Allocator ID,Capital Invested,Current Cost,Unrealized Value,Realized Proceeds,Deal Status,Sector,Geographic Focus
A2e3873,1.0,1.0,1.0,1.0,1.0,1.0,1.0
A96d213,1.0,1.0,1.0,1.0,1.0,1.0,1.0
A372a3f,1.0,1.0,1.0,1.0,1.0,1.0,1.0
A61c681,1.0,1.0,1.0,1.0,1.0,1.0,1.0
A6a2191,1.0,1.0,1.0,1.0,1.0,1.0,1.0
A4f8dbc,1.0,1.0,1.0,1.0,1.0,1.0,1.0
A4d29bc,1.0,1.0,1.0,1.0,1.0,1.0,1.0
A9b5f84,1.0,1.0,1.0,1.0,1.0,1.0,1.0
A44e6c2,1.0,1.0,1.0,1.0,1.0,1.0,1.0
A2f186b,1.0,1.0,1.0,1.0,1.0,1.0,1.0
A15464a,1.0,1.0,1.0,1.0,1.0,1.0,1.0
Ab02df9,0.9976303317535545,1.0,1.0,1.0,1.0,1.0,1.0
A945638,0.9994504488001466,0.9994504488001466,0.9994504488001466,0.9994504488001466,0.9994504488001466,1.0,1.0
Aac22ed,1.0,0.9961240310077519,1.0,1.0,1.0,1.0,1.0
A2d789a,0.9991483321504613,0.9991483321504613,0.9991483321504613,0.9991483321504613,0.9990063875088715,1.0,1.0
Af8a639,1.0,1.0,1.0,1.0,1.0,1.0,0.994661921708185
A08aac2,1.0,0.98989898989899,1.0,1.0,1.0,1.0,1.0
c51f36,0.9973958333333334,0.9973958333333334,0.9973958333333334,0.9973958333333334,0.9973958333333334,1.0,1.0
Ac758cf,1.0,1.0,1.0,1.0,1.0,0.9882352941176471,0.9882352941176471
A0c2722,0.9716981132075472,1.0,1.0,1.0,1.0,1.0,1.0
A4a1f26,0.9905977165883143,0.9966420416386836,0.9966420416386836,0.9905977165883143,0.9959704499664204,1.0,1.0
khepcn,1.0,0.9655172413793104,1.0,1.0,1.0,1.0,1.0
A041a39,0.9932716568544996,0.9988786094757499,0.9988786094757499,0.9758901037286235,0.9988786094757499,1.0,0.9991589571068125
A026529,0.9887036781925885,0.9984846397575423,0.9984846397575423,0.9741011158561785,0.9987601598016256,1.0,1.0
Aded344,0.9848293299620733,0.9962073324905183,0.9962073324905183,0.9848293299620733,0.9962073324905183,1.0,1.0
Aa3bbc4,0.9863636363636363,0.9863636363636363,0.9863636363636363,0.9863636363636363,0.9863636363636363,1.0,1.0
Aa130ea,0.9533546325878595,0.9936102236421726,0.9936102236421726,0.9936102236421726,0.9936102236421726,1.0,1.0
Ad70035,0.9629629629629629,1.0,1.0,0.9629629629629629,1.0,1.0,1.0
A0f94cb,0.9111111111111111,1.0,1.0,1.0,1.0,1.0,1.0
A7b4b7c,1.0,1.0,1.0,0.8984168865435356,1.0,1.0,1.0
Afbe003,0.979381443298969,0.979381443298969,0.979381443298969,0.979381443298969,0.979381443298969,1.0,1.0
Ab9d621,0.9704830053667263,0.983005366726297,0.983005366726297,0.9704830053667263,0.983005366726297,1.0,1.0
A775492,0.9660657476139979,0.9840933191940615,0.9840933191940615,0.9660657476139979,0.9830328738069989,1.0,1.0
A6941fe,0.8959276018099548,0.9834087481146304,0.9834087481146304,0.9984917043740573,1.0,1.0,1.0
A128c7a,0.9710144927536232,0.9710144927536232,0.9710144927536232,0.9710144927536232,0.9710144927536232,1.0,1.0
A8be668,0.9013422818791946,1.0,1.0,0.9295302013422819,0.9885906040268456,1.0,1.0
Ac17925,0.9102803738317757,1.0,1.0,0.9102803738317757,0.9962616822429906,1.0,1.0
A6a0407,0.9224806201550387,0.9844961240310077,0.9844961240310077,0.9224806201550387,0.9844961240310077,1.0,1.0
Aa8e77d,0.9761499148211243,0.8654173764906303,0.9761499148211243,0.9761499148211243,0.9761499148211243,1.0,1.0
A7970a7,0.8888888888888888,1.0,1.0,0.8888888888888888,0.9869281045751634,1.0,1.0
Acdb9df,0.8440366972477065,1.0,1.0,0.8440366972477065,1.0,1.0,1.0
Ad647a1,0.870625662778367,0.9840933191940615,0.9840933191940615,0.8748674443266172,0.9819724284199364,0.9957582184517497,0.9957582184517497
A6a28da,0.9347826086956522,0.9347826086956522,0.9347826086956522,0.9347826086956522,0.9347826086956522,1.0,1.0
Ac37569,1.0,0.6647398843930635,1.0,1.0,1.0,1.0,1.0
A69ce65,0.8186528497409327,0.9896373056994818,0.9896373056994818,0.8756476683937824,0.9844559585492227,1.0,1.0
Af8f7a9,0.8157227387996618,0.9974640743871513,0.9974640743871513,0.8436179205409975,0.9907016060862215,0.9983093829247676,0.9983093829247676
A3d16f4,0.8802083333333334,0.96875,0.96875,0.8854166666666666,0.96875,0.984375,0.984375
A619a99,0.8148148148148148,1.0,1.0,0.8148148148148148,1.0,1.0,1.0
A899074,0.9172185430463576,0.9172185430463576,0.9172185430463576,0.9172185430463576,0.9172185430463576,1.0,1.0
Ab27df1,0.7333333333333333,1.0,1.0,0.8444444444444444,1.0,1.0,1.0
A02cb18,0.7328767123287672,0.8287671232876712,1.0,1.0,1.0,1.0,1.0
A8e74aa,0.7663551401869159,0.7663551401869159,1.0,1.0,1.0,1.0,1.0
Ab26f76,1.0,0.5249457700650759,1.0,1.0,0.9869848156182213,1.0,1.0
A3ecea4,0.7444444444444445,1.0,1.0,0.7444444444444445,0.9944444444444445,1.0,1.0
A586fd2,1.0,0.44468546637744033,1.0,1.0,1.0,0.9978308026030369,1.0
Acc91f3,0.7168831168831169,0.9974025974025974,0.9974025974025974,0.7246753246753247,0.9974025974025974,1.0,1.0
A6c1ccf,0.7297297297297297,0.9961389961389961,1.0,0.7297297297297297,0.9768339768339769,1.0,1.0
Aeedbe6,0.9047619047619048,0.8333333333333334,0.9047619047619048,0.9047619047619048,0.9047619047619048,1.0,0.9523809523809523
A7b259c,0.6451612903225806,1.0,1.0,0.7419354838709677,1.0,1.0,1.0
A664a6a,0.7108433734939759,0.9156626506024096,0.9879518072289156,0.7831325301204819,0.9879518072289156,1.0,1.0
A97e2ad,1.0,0.53125,0.890625,1.0,0.953125,1.0,1.0
3.95E+42,0.9448818897637795,0.5065616797900262,0.994750656167979,0.94750656167979,0.9763779527559056,1.0,1.0
A91b7d0,0.8731343283582089,0.8731343283582089,0.8731343283582089,0.8731343283582089,0.8731343283582089,1.0,1.0
A01041e,0.6792452830188679,1.0,1.0,0.6792452830188679,1.0,1.0,1.0
A7d02b3,0.7899305555555556,0.3515625,0.9253472222222222,0.9253472222222222,0.9088541666666666,1.0,1.0
A7dd292,0.40384615384615385,1.0,1.0,0.40384615384615385,1.0,1.0,1.0
A24f078,0.3877551020408163,1.0,1.0,0.3877551020408163,0.9795918367346939,1.0,1.0
A8bd477,0.08786610878661087,1.0,1.0,0.6108786610878661,0.9916317991631799,1.0,1.0
A65900b,0.416,0.9333333333333333,0.9333333333333333,0.42933333333333334,0.872,1.0,1.0
Afc0dbf,0.2849462365591398,1.0,1.0,0.2849462365591398,1.0,1.0,1.0
A3e342a,0.30434782608695654,0.9782608695652174,0.9782608695652174,0.2826086956521739,0.8478260869565217,1.0,1.0
A8d1733,0.34306569343065696,0.9124087591240876,0.9051094890510949,0.34306569343065696,0.8795620437956204,1.0,1.0
18be12,0.7621621621621621,0.8513513513513513,0.8513513513513513,0.34324324324324323,0.7918918918918919,0.7027027027027027,1.0
A026fe6,0.12,1.0,1.0,0.18,1.0,1.0,1.0
A670146,0.05405405405405406,1.0,1.0,0.05405405405405406,0.9864864864864865,1.0,1.0
Ac1f496,1.0,0.0,1.0,0.0,1.0,1.0,1.0
A6f625f,0.0,1.0,1.0,0.0,1.0,1.0,1.0
Ad7e703,0.0,1.0,1.0,0.0,1.0,1.0,1.0
A4a62c2,0.0,1.0,1.0,0.0,0.9962825278810409,1.0,1.0
A12c595,0.0,0.9896551724137931,0.9896551724137931,0.0,0.9896551724137931,1.0,1.0
A109e0f,0.04054054054054054,0.9459459459459459,0.9459459459459459,0.04054054054054054,0.9324324324324325,1.0,1.0
Af0082f,0.0,0.9844644317252658,0.9844644317252658,0.0,0.8528209321340965,1.0,1.0
A49a079,0.0,0.9473684210526315,0.9473684210526315,0.0,0.9263157894736842,1.0,1.0
Adad2f2,0.0,0.0,0.8,1.0,0.9818181818181818,1.0,1.0
A02306d,0.07894736842105263,0.8947368421052632,0.8947368421052632,0.07894736842105263,0.8157894736842105,1.0,1.0
A9fbabf,0.0,0.7869822485207101,0.7869822485207101,0.0,0.7751479289940828,1.0,1.0
Aed3782,0.0,0.0,1.0,0.0,1.0,1.0,1.0
A99a662,0.0,0.0,1.0,0.0,0.9814814814814815,0.9629629629629629,1.0
A5d1a01,0.08284023668639054,0.21893491124260356,0.21893491124260356,0.08284023668639054,0.1893491124260355,1.0,1.0
