,fill_rate
Projected LTM EBIT YoY % Change,1.92130341223486e-05
Non Current Liabilities,1.92130341223486e-05
YTD EBIT Margin,1.92130341223486e-05
Projected Adjusted QTD EBITDA Margin,1.92130341223486e-05
Projected LTM EBITA 3 Year CAGR,1.92130341223486e-05
Non Current Assets,1.92130341223486e-05
Proceeds from Disposal,1.92130341223486e-05
Projected Adjusted LTM EBITDA 3 Year CAGR,1.92130341223486e-05
Current Liabilities,1.92130341223486e-05
IPO Date,1.92130341223486e-05
Projected YTD Gross Profit,1.92130341223486e-05
LTM Net Cash Flow From Operations,1.92130341223486e-05
YTD EBIT,1.92130341223486e-05
QTD EBIT,1.92130341223486e-05
Current Assets,1.92130341223486e-05
LTM Adjusted EBITA,3.84260682446972e-05
LTM Operating Profit 3 Year CAGR,3.84260682446972e-05
Projected QTD Cash Burn,3.84260682446972e-05
Adjusted LTM EBIT 3 Year CAGR,3.84260682446972e-05
Pro Forma LTM EBITA YoY % Change,3.84260682446972e-05
Projected Adjusted QTD EBITDA,3.84260682446972e-05
Projected QTD EBITDA,5.7639102367045804e-05
QTD Operating Profit,5.7639102367045804e-05
Burn Rate,5.7639102367045804e-05
Projected LTM EBIT,5.7639102367045804e-05
Projected Adjusted YTD EBITDA,5.7639102367045804e-05
Start Yield,5.7639102367045804e-05
Projected LTM EBIT Margin,5.7639102367045804e-05
Projected LTM Cash Burn,5.7639102367045804e-05
LTM Net Profit 3 Year CAGR,7.68521364893944e-05
Projected Adjusted YTD EBITDA Margin,7.68521364893944e-05
Monthly Recurring Revenue (MRR),7.68521364893944e-05
QTD Operating Margin,7.68521364893944e-05
Pro Forma LTM EBITA,9.6065170611743e-05
Pro Forma LTM EBITA Margin,9.6065170611743e-05
Projected QTD Revenue,9.6065170611743e-05
YTD Operating Expenses,9.6065170611743e-05
LTM Operating Expenses 3 Year CAGR,9.6065170611743e-05
Adjusted LTM EBIT,9.6065170611743e-05
LTM Operating Profit YoY % Change,9.6065170611743e-05
Adjusted LTM EBIT YoY % Change,9.6065170611743e-05
Projected LTM Net Income,0.00011527820473409161
Adjusted LTM EBITA Margin,0.00011527820473409161
Adjusted LTM EBIT Margin,0.00011527820473409161
Projected LTM Net Profit,0.00011527820473409161
Seniority,0.0001344912388564402
Return On Assets,0.0001344912388564402
Return On Equity,0.0001344912388564402
LTM Operating Margin,0.0001344912388564402
LTM Operating Profit,0.0001344912388564402
Projected LTM EBITA Margin,0.0001537042729787888
LTM EBIT 3 Year CAGR,0.0001537042729787888
LTM Operating Expenses,0.0001537042729787888
LTM Operating Expenses YoY % Change,0.0001537042729787888
Projected LTM EBITA,0.0001537042729787888
QTD EBITA,0.0001729173071011374
LTM Net Operating Income,0.0001729173071011374
YTD EBITA,0.0001729173071011374
YTD EBITA Margin,0.0001729173071011374
LTM EBITA 3 Year CAGR,0.000192130341223486
QTD Operating Expenses,0.000192130341223486
Start LTV,0.000192130341223486
Sponsor Backed,0.00023055640946818322
LTM EBITA YoY % Change,0.00023055640946818322
QTD Net Operating Income,0.0002689824777128804
ARR 3 Year CAGR,0.0002689824777128804
YTD Net Operating Income,0.0002689824777128804
Current Yield,0.00028819551183522903
Founders,0.0003074085459575776
Allocator Asset IPO Value,0.0003074085459575776
LTM EBITA Margin,0.000384260682446972
LTM EBITA,0.000384260682446972
LTM Net Profit YoY % Change,0.000384260682446972
LTM EBIT YoY % Change,0.00040347371656932065
Shares Outstanding,0.00040347371656932065
Implied Equity Valuation (Shares Held),0.00040347371656932065
QTD Realized Gain/Loss,0.0004226867506916692
QTD Realized Proceeds,0.00044189978481401786
QTD Realized Cost,0.00044189978481401786
QTD Net Profit,0.00046111281893636643
LTM EBIT,0.0004995388871810636
LTM EBIT Margin,0.0004995388871810636
QTD Net Margin,0.0005187519213034123
YTD Net Profit,0.0005187519213034123
Projected YTD EBITDA,0.0005379649554257608
Spread,0.0005956040577928067
Floor,0.0006148170919151552
Projected YTD Revenue,0.0006148170919151552
YTD Net Margin,0.0006532431601598525
Base Other,0.0006916692284045496
Base%,0.0007300952966492469
Pro Forma QTD EBITDA Margin,0.0007877343990162927
Interest Rate,0.0008261604672609898
Number of Users/Customers,0.0008261604672609898
Allocator Asset Delisting Date,0.0008261604672609898
LTM Net Profit,0.0008837995696280357
Projected LTM Gross Profit,0.0009030126037503842
Projected Adjusted LTM EBITDA YoY % Change,0.0009798647402397788
LTM Net Margin,0.0009798647402397788
YTD Gross Margin,0.0010182908084844758
Total Assets to Equity,0.0010759299108515216
Pro Forma YTD EBITDA Margin,0.0011335690132185674
QTD Net Income,0.0011335690132185674
LTM CapEx 3 Year CAGR,0.0011335690132185674
Loan Type,0.0011527820473409161
Total Liabilities,0.0011912081155856134
YTD Net Income,0.0011912081155856134
Total Assets,0.0011912081155856134
Debt to Equity,0.0012680602520750077
Allocator Asset Address Line 2,0.0013833384568090992
New Round Raised,0.001440977559176145
LTM Cash Burn,0.0014986166615431908
LTM Gross Profit 3 Year CAGR,0.0015562557639102368
Current LTV,0.0016523209345219796
YTD Cash Burn,0.0016523209345219796
Pro Forma QTD EBITDA,0.0016523209345219796
Allocator Asset Address Country,0.001690747002766677
Allocator Asset Address City,0.001690747002766677
Allocator Asset Address Zip Code,0.001690747002766677
Allocator Asset Address State,0.001690747002766677
Allocator Asset Address Line 1,0.001690747002766677
Pro Forma YTD EBITDA,0.00178681217337842
QTD Cash Burn,0.00192130341223486
Pre-Money Valuation,0.0019597294804795575
Term,0.001978942514601906
Entry Pro Forma EBITDA Multiple,0.0020173685828466033
Latest Round,0.0020557946510913003
Shareholders Equity,0.0020942207193359974
Projected Adjusted LTM EBITDA Margin,0.0021902858899477406
Projected Adjusted LTM EBITDA,0.002209498924070089
Projected LTM EBITDA,0.0022287119581924377
Headcount YoY % Change?,0.002324777128804181
Projected LTM CapEx,0.0024400553335382725
Projected Gross TVPI,0.0024784814017829696
YTD EBITDA Margin,0.002555333538272364
LTM Net Income,0.002651398708884107
YTD CapEx,0.0027666769136181985
Enterprise Value 3 Year CAGR,0.0028627420842299417
QTD CapEx,0.0028627420842299417
Vacancy Rate,0.0029203811865969875
Current Occupancy Rate,0.0029203811865969875
YTD Realized Cost,0.0029588072548416846
YTD Realized Gain/Loss,0.0031701506301875194
Adjusted YTD EBITDA Margin,0.0033046418690439593
YTD Gross Profit,0.0033430679372886568
QTD Gross Profit,0.0033430679372886568
Entry Pro Forma LTM EBITDA,0.0034967722102674454
LTM Revenue per Headcount,0.003515985244389794
LTM CapEx YoY % Change,0.00357362434675684
Asset Size,0.0036312634491238857
LTM EBITDA 3 Year CAGR,0.0036504764832462344
Purchase Price,0.00370811558561328
Projected Net IRR,0.003765754687980326
QTD Gross Margin,0.0042076544727943435
Number of Assets,0.00426529357516139
LTM Gross Profit YoY % Change,0.004515063018751922
Entry ARR,0.0046111281893636644
Projected Gross IRR,0.0046111281893636644
Headcount,0.00466876729173071
Projected Net TVPI,0.0046879803258530585
Deal Source,0.005187519213034122
Projected LTM Revenue,0.005264371349523516
Entry Debt Multiple,0.005437288656624654
ARR YoY % Change,0.005514140793114048
QTD EBITDA Margin,0.005533353827236397
Projected Exit Date,0.0056486320319704885
Maturity Date,0.0060521057485398095
LTM Gross Profit,0.00645557946510913
Pro Forma EBITDA Multiple,0.006647709806332616
Pro Forma Debt Multiple,0.006839840147556102
YTD EBITDA,0.006878266215800799
YTD Realized Proceeds,0.006993544420534891
QTD EBITDA,0.006993544420534891
Latest/Exit Pro Forma EBITDA Multiple,0.007204887795880725
Adjusted EBITDA Multiple,0.007666000614817092
Pro Forma Net Debt Multiple,0.007858130956040578
Pro Forma LTM EBITDA Margin,0.007877343990162926
LTM Gross Margin,0.008011835229019366
Entry Adjusted EBITDA Multiple,0.008050261297264064
Pro Forma LTM EBITDA,0.008069474331386413
Latest/Exit Pro Forma LTM EBITDA,0.008703504457423917
LTM Revenue 3 Year CAGR,0.00878035659391331
Adjusted Debt Multiple,0.00878035659391331
Latest/Exit Adjusted EBITDA Multiple,0.0089340608668921
LTM CapEx,0.008972486935136796
Notional,0.009068552105748539
ARR,0.0109898555179834
Adjusted Net Debt Multiple,0.012065785428834921
Debt Multiple,0.01221948970181371
Enterprise Value YoY % Change,0.01223870273593606
Post-Money Valuation,0.012469259145404242
Adjusted QTD EBITDA Margin,0.012891945896095911
Net IRR,0.01291115893021826
Funding Status,0.013084076237319397
Latest/Exit Debt Multiple,0.013814171533968644
Net TVPI,0.014140793114048571
Proceeds from Income,0.014582692898862588
LTM EBITDA YoY % Change,0.014717184137719028
Adjusted YTD EBITDA,0.01537042729787888
Adjusted QTD EBITDA,0.015428066400245927
Entry Adjusted LTM EBITDA,0.016042883492161084
Exit Type,0.017349369812480787
Entry Debt,0.018310021518598216
EBITDA Multiple,0.019443590531816785
Entry Cash,0.020385029203811866
Vintage,0.020538733476790656
Adjusted LTM EBITDA Margin,0.021057485398094065
Debt,0.021595450353519827
Revenue Multiple,0.021633876421764526
Adjusted LTM EBITDA,0.021749154626498617
Entry Net Debt Multiple,0.02199892407008915
Gross Asset Value,0.022594528127881954
LTM EBITDA,0.022844297571472487
Entry Revenue Multiple,0.022978788810328925
Reporting Currency,0.023074853980940672
Enterprise Value,0.023074853980940672
Entry EBITDA Multiple,0.024285275130648633
Net Debt Multiple,0.024381340301260376
Latest/Exit Debt,0.024996157393175532
LTM EBITDA Margin,0.025149861666154318
Latest/Exit Adjusted LTM EBITDA,0.025226713802643713
QTD Revenue,0.026014448201660007
Status,0.026033661235782355
% of NAV,0.026033661235782355
YTD Revenue,0.026302643713495236
Latest/Exit ARR,0.027148017214878573
Net Debt,0.029069320627113433
Latest/Exit EBITDA Multiple,0.029991546264986166
Cash,0.030644789425146018
Financial Year End Date,0.031547802028896406
Latest/Exit Revenue Multiple,0.032739010144482016
Capital Committed YoY Change,0.03279664924684906
Allocator Asset CUSIP,0.03308484475868429
Entry LTM EBITDA,0.0336420227482324
Latest/Exit Enterprise Value,0.03483323086381802
Asset Type,0.034929296034429756
LTM Revenue YoY % Change,0.03727328619735629
Latest/Exit Net Debt Multiple,0.037542268675069164
Latest/Exit LTM EBITDA,0.03977098063326161
Allocator Asset Open FIGI,0.04013602828158623
Latest/Exit Net Debt,0.042480018444512754
Entry Net Debt,0.04338303104826314
Entry Enterprise Value,0.04349830925299723
Latest/Exit Cash,0.04549646480172149
Entry LTM Revenue,0.05122194897018137
LTM Revenue,0.051318014140793115
Capital Committed QoQ Change,0.0515101444820166
Paid-In Capital %,0.052259452812788196
Unfunded Capital Balance,0.05260528742699047
Capital Committed,0.057504611128189366
Entry Equity,0.057754380571779895
Allocator Asset ISIN,0.058157854288349214
Operating Status,0.061039809406701506
Allocator Asset IPO Date,0.06263449123885644
Diluted Ownership Percentage,0.0685136796802951
Equity,0.07496925914540424
Initial Investment Stage,0.07635259760221334
Exit Date,0.07698662772825085
GP Reported Website,0.0803681217337842
Public Market Ticker Selection,0.08786120504150015
Exchange,0.08849523516753766
Latest/Exit LTM Revenue,0.09055102981862896
Latest/Exit Equity,0.09218413771902859
Entry Metrics Quarter,0.10134875499538887
Commentary,0.11743006455579465
Gross IRR,0.12824700276667692
Latest/Exit Metrics Quarter,0.17114970796188134
Business Description,0.19186135874577312
Primary Ownership Percentage,0.1976252689824777
Implied Equity Valuation (Ownership %),0.25147940362742083
GP Reported Sector,0.28754226867506916
GP Reported Geography,0.3041999692591454
Initial Investment Date,0.4582692898862588
Sector Level 3,0.4645903781125115
Current Cost Per Share,0.4750614817091915
Unrealized Value Per Share,0.4765408853366124
Number of Shares,0.47803950199815554
Realized Gain/Loss YoY Change,0.6360090685521057
Instrument Type,0.6373347679065478
Realized Cost YoY Change,0.6405241315708576
Total Gain/Loss YoY Change,0.6539540424223793
Realized Proceeds YoY Change,0.6587380879188441
Total Value YoY Change,0.6600061481709192
Capital Invested YoY Change,0.6638295419612665
Current Cost YoY Change,0.7268867199508147
Unrealized Gain/Loss YoY Change,0.7278089455886874
Unrealized Value YoY Change,0.756225023055641
Realized Cost QoQ Change,0.7881955118352291
Realized Gain/Loss QoQ Change,0.789405932984937
Allocator Asset Website,0.8035467260989856
Total Gain/Loss QoQ Change,0.8125384260682447
Capital Invested QoQ Change,0.815919920073778
Realized Proceeds QoQ Change,0.8199162311712266
Total Value QoQ Change,0.8226060559483553
Realized Cost,0.8610129111589302
Realized Gain/Loss,0.8620888410697818
DPI,0.8731747617583769
RVPI,0.8777666769136182
Geography Level 3,0.8813787273286198
Total Gain/Loss,0.8826852136489395
Gross TVPI,0.8840685521057485
Calculated TVPI,0.884203043344605
Capital Invested,0.8848562865047648
Sector Level 2,0.8850099907777437
Unhedged TVPI,0.8869697202582232
Current Cost QoQ Change,0.8879111589302182
Unrealized Gain/Loss QoQ Change,0.8884683369197663
Realized Proceeds,0.8927144174608054
Total Value,0.8948854903166308
Geography Level 2,0.9033968644328312
Unrealized Value QoQ Change,0.9268944051644635
Current Cost,0.9487011988933293
Unrealized Gain/Loss,0.9489317553027974
Implied Capital Invested,0.9790385797725176
Deal Status,0.9820358130956041
Unrealized Value,0.9878957885029204
Asset Status,0.9934291423301568
Sector,0.9976367968029511
Sector Level 1,0.9976367968029511
Geographic Focus,0.9995196741469413
Geography Level 1,0.9995196741469413
Type of Investment,0.9999807869658777
As At Date,1.0
Allocator Asset,1.0
Allocator Asset Allocator ID,1.0
Source Asset,1.0
Fund Allocator ID,1.0
Source Asset ID,1.0
Investment Manager Allocator ID,1.0
